{"cameraMode":{"drawMode":0,"name":"Shaded","section":"Shading Mode"},"sceneLighting":true,"audioPlay":false,"sceneViewState":{"showFog":true,"showMaterialUpdate":false,"showSkybox":true,"showFlares":true,"showImageEffects":true,"showParticleSystems":true},"in2DMode":false,"pivot":{"x":-0.7728840708732605,"y":0.0002694129943847656,"z":-8.36568546295166},"rotation":{"x":0.2595822811126709,"y":-0.03910493478178978,"z":0.010518907569348812,"w":0.9648716449737549},"size":8.390315055847168,"orthographic":false}